Project Name,Package Name,Type Name,NOF,NOPF,NOM,NOPM,LOC,WMC,NC,DIT,LCOM,FANIN,FANOUT,File path,Line no
binance-futures-connector-java,com.binance.connector.futures.client.enums,DefaultUrls,6,6,1,0,10,1,0,0,0.0,4,0,G:\binance-futures-connector-java\src\main\java\com\binance\connector\futures\client\enums\DefaultUrls.java,3
binance-futures-connector-java,com.binance.connector.futures.client.enums,HttpMethod,0,0,0,0,1,0,0,0,-1.0,126,0,G:\binance-futures-connector-java\src\main\java\com\binance\connector\futures\client\enums\HttpMethod.java,3
binance-futures-connector-java,com.binance.connector.futures.client.enums,RequestType,0,0,0,0,1,0,0,0,-1.0,1,0,G:\binance-futures-connector-java\src\main\java\com\binance\connector\futures\client\enums\RequestType.java,3
binance-futures-connector-java,com.binance.connector.futures.client.exceptions,BinanceClientException,5,0,5,5,27,5,0,0,0.0,6,0,G:\binance-futures-connector-java\src\main\java\com\binance\connector\futures\client\exceptions\BinanceClientException.java,3
binance-futures-connector-java,com.binance.connector.futures.client.exceptions,BinanceConnectorException,1,0,1,1,6,1,0,0,0.0,66,0,G:\binance-futures-connector-java\src\main\java\com\binance\connector\futures\client\exceptions\BinanceConnectorException.java,3
binance-futures-connector-java,com.binance.connector.futures.client.exceptions,BinanceServerException,3,0,3,3,16,3,0,0,0.0,1,0,G:\binance-futures-connector-java\src\main\java\com\binance\connector\futures\client\exceptions\BinanceServerException.java,3
binance-futures-connector-java,com.binance.connector.futures.client,FuturesClient,0,0,4,0,6,4,1,0,-1.0,0,4,G:\binance-futures-connector-java\src\main\java\com\binance\connector\futures\client\FuturesClient.java,8
binance-futures-connector-java,com.binance.connector.futures.client,WebsocketClient,0,0,34,0,36,34,1,0,-1.0,0,1,G:\binance-futures-connector-java\src\main\java\com\binance\connector\futures\client\WebsocketClient.java,6
binance-futures-connector-java,com.binance.connector.futures.client.impl,CMFuturesClientImpl,2,0,10,10,34,10,0,2,0.5,107,5,G:\binance-futures-connector-java\src\main\java\com\binance\connector\futures\client\impl\CMFuturesClientImpl.java,9
binance-futures-connector-java,com.binance.connector.futures.client.impl,CMWebsocketClientImpl,0,0,10,10,131,12,1,2,-1.0,19,5,G:\binance-futures-connector-java\src\main\java\com\binance\connector\futures\client\impl\CMWebsocketClientImpl.java,9
binance-futures-connector-java,com.binance.connector.futures.client.impl,FuturesClientImpl,6,0,13,13,51,13,2,1,0.15384615384615385,0,1,G:\binance-futures-connector-java\src\main\java\com\binance\connector\futures\client\impl\FuturesClientImpl.java,6
binance-futures-connector-java,com.binance.connector.futures.client.impl,MarkPriceSymbolParams,6,0,7,7,42,7,0,0,0.0,1,1,G:\binance-futures-connector-java\src\main\java\com\binance\connector\futures\client\impl\MarkPriceSymbolParams.java,5
binance-futures-connector-java,com.binance.connector.futures.client.impl,UMFuturesClientImpl,2,0,10,10,34,10,0,2,0.5,118,5,G:\binance-futures-connector-java\src\main\java\com\binance\connector\futures\client\impl\UMFuturesClientImpl.java,9
binance-futures-connector-java,com.binance.connector.futures.client.impl,UMWebsocketClientImpl,0,0,6,6,68,7,0,2,-1.0,19,4,G:\binance-futures-connector-java\src\main\java\com\binance\connector\futures\client\impl\UMWebsocketClientImpl.java,9
binance-futures-connector-java,com.binance.connector.futures.client.impl,WebsocketClientImpl,4,0,39,39,523,46,2,1,0.0,0,6,G:\binance-futures-connector-java\src\main\java\com\binance\connector\futures\client\impl\WebsocketClientImpl.java,18
binance-futures-connector-java,com.binance.connector.futures.client.impl.cm_futures,CMAccount,6,0,11,11,119,11,0,1,1.0,1,3,G:\binance-futures-connector-java\src\main\java\com\binance\connector\futures\client\impl\cm_futures\CMAccount.java,9
binance-futures-connector-java,com.binance.connector.futures.client.impl.cm_futures,CMMarket,1,0,10,10,110,10,0,1,1.0,1,3,G:\binance-futures-connector-java\src\main\java\com\binance\connector\futures\client\impl\cm_futures\CMMarket.java,9
binance-futures-connector-java,com.binance.connector.futures.client.impl.cm_futures,CMPortfolioMargin,0,0,2,2,18,2,0,1,-1.0,1,1,G:\binance-futures-connector-java\src\main\java\com\binance\connector\futures\client\impl\cm_futures\CMPortfolioMargin.java,7
binance-futures-connector-java,com.binance.connector.futures.client.impl.cm_futures,CMUserData,0,0,1,1,8,1,0,1,-1.0,1,1,G:\binance-futures-connector-java\src\main\java\com\binance\connector\futures\client\impl\cm_futures\CMUserData.java,6
binance-futures-connector-java,com.binance.connector.futures.client.impl.futures,Account,21,0,29,29,301,29,2,0,0.0,1,4,G:\binance-futures-connector-java\src\main\java\com\binance\connector\futures\client\impl\futures\Account.java,9
binance-futures-connector-java,com.binance.connector.futures.client.impl.futures,Market,25,0,30,30,251,30,2,0,0.06666666666666667,1,4,G:\binance-futures-connector-java\src\main\java\com\binance\connector\futures\client\impl\futures\Market.java,9
binance-futures-connector-java,com.binance.connector.futures.client.impl.futures,PortfolioMargin,5,0,9,9,47,9,2,0,0.0,1,4,G:\binance-futures-connector-java\src\main\java\com\binance\connector\futures\client\impl\futures\PortfolioMargin.java,9
binance-futures-connector-java,com.binance.connector.futures.client.impl.futures,UserData,4,0,10,10,59,10,2,0,0.0,1,3,G:\binance-futures-connector-java\src\main\java\com\binance\connector\futures\client\impl\futures\UserData.java,7
binance-futures-connector-java,com.binance.connector.futures.client.impl.um_futures,UMAccount,7,0,13,13,139,13,0,1,0.9230769230769231,1,3,G:\binance-futures-connector-java\src\main\java\com\binance\connector\futures\client\impl\um_futures\UMAccount.java,9
binance-futures-connector-java,com.binance.connector.futures.client.impl.um_futures,UMMarket,4,0,13,13,144,13,0,1,1.0,1,3,G:\binance-futures-connector-java\src\main\java\com\binance\connector\futures\client\impl\um_futures\UMMarket.java,9
binance-futures-connector-java,com.binance.connector.futures.client.impl.um_futures,UMPortfolioMargin,0,0,2,2,18,2,0,1,-1.0,1,1,G:\binance-futures-connector-java\src\main\java\com\binance\connector\futures\client\impl\um_futures\UMPortfolioMargin.java,7
binance-futures-connector-java,com.binance.connector.futures.client.impl.um_futures,UMUserData,0,0,1,1,8,1,0,1,-1.0,1,1,G:\binance-futures-connector-java\src\main\java\com\binance\connector\futures\client\impl\um_futures\UMUserData.java,6
binance-futures-connector-java,com.binance.connector.futures.client.utils,HttpClientSingleton,1,0,5,2,39,10,0,0,0.4,2,1,G:\binance-futures-connector-java\src\main\java\com\binance\connector\futures\client\utils\HttpClientSingleton.java,6
binance-futures-connector-java,com.binance.connector.futures.client.utils,JSONParser,0,0,4,3,31,4,0,0,-1.0,2,0,G:\binance-futures-connector-java\src\main\java\com\binance\connector\futures\client\utils\JSONParser.java,8
binance-futures-connector-java,com.binance.connector.futures.client.utils,ParameterChecker,0,0,5,4,26,9,0,0,-1.0,11,0,G:\binance-futures-connector-java\src\main\java\com\binance\connector\futures\client\utils\ParameterChecker.java,6
binance-futures-connector-java,com.binance.connector.futures.client.utils,ProxyAuth,2,0,3,3,14,3,0,0,0.0,20,0,G:\binance-futures-connector-java\src\main\java\com\binance\connector\futures\client\utils\ProxyAuth.java,6
binance-futures-connector-java,com.binance.connector.futures.client.utils,RequestBuilder,3,0,4,3,0,12,0,0,0.75,5,1,G:\binance-futures-connector-java\src\main\java\com\binance\connector\futures\client\utils\RequestBuilder.java,9
binance-futures-connector-java,com.binance.connector.futures.client.utils,RequestHandler,4,0,6,5,0,11,0,0,0.0,4,7,G:\binance-futures-connector-java\src\main\java\com\binance\connector\futures\client\utils\RequestHandler.java,11
binance-futures-connector-java,com.binance.connector.futures.client.utils,ResponseHandler,4,0,5,1,66,13,0,0,0.4,2,4,G:\binance-futures-connector-java\src\main\java\com\binance\connector\futures\client\utils\ResponseHandler.java,16
binance-futures-connector-java,com.binance.connector.futures.client.utils,SignatureGenerator,1,0,2,1,18,2,0,0,1.0,1,0,G:\binance-futures-connector-java\src\main\java\com\binance\connector\futures\client\utils\SignatureGenerator.java,7
binance-futures-connector-java,com.binance.connector.futures.client.utils,UrlBuilder,3,0,11,7,104,24,0,0,0.45454545454545453,3,0,G:\binance-futures-connector-java\src\main\java\com\binance\connector\futures\client\utils\UrlBuilder.java,14
binance-futures-connector-java,com.binance.connector.futures.client.utils,WebSocketCallback,0,0,1,0,7,1,0,0,-1.0,7,0,G:\binance-futures-connector-java\src\main\java\com\binance\connector\futures\client\utils\WebSocketCallback.java,3
binance-futures-connector-java,com.binance.connector.futures.client.utils,WebSocketConnection,13,0,8,8,61,10,0,0,0.0,1,1,G:\binance-futures-connector-java\src\main\java\com\binance\connector\futures\client\utils\WebSocketConnection.java,12
binance-futures-connector-java,com.binance.connector.futures.logging.util,MsEpochConverter,0,0,1,1,5,1,0,0,-1.0,0,0,G:\binance-futures-connector-java\src\main\java\com\binance\connector\futures\logging\util\MsEpochConverter.java,6
binance-futures-connector-java,examples.cm_futures.account,AccountInformation,1,0,2,1,19,2,0,0,1.0,0,2,G:\binance-futures-connector-java\src\test\java\examples\cm_futures\account\AccountInformation.java,11
binance-futures-connector-java,examples.cm_futures.account,AccountTradeList,1,0,2,1,20,2,0,0,1.0,0,2,G:\binance-futures-connector-java\src\test\java\examples\cm_futures\account\AccountTradeList.java,11
binance-futures-connector-java,examples.cm_futures.account,AllOrders,1,0,2,1,20,2,0,0,1.0,0,2,G:\binance-futures-connector-java\src\test\java\examples\cm_futures\account\AllOrders.java,11
binance-futures-connector-java,examples.cm_futures.account,AutoCancelOpen,2,0,2,1,22,2,0,0,1.0,0,2,G:\binance-futures-connector-java\src\test\java\examples\cm_futures\account\AutoCancelOpen.java,11
binance-futures-connector-java,examples.cm_futures.account,CancelAllOpenOrders,1,0,2,1,20,2,0,0,1.0,0,2,G:\binance-futures-connector-java\src\test\java\examples\cm_futures\account\CancelAllOpenOrders.java,11
binance-futures-connector-java,examples.cm_futures.account,CancelMultipleOrders,1,0,2,1,21,2,0,0,1.0,0,2,G:\binance-futures-connector-java\src\test\java\examples\cm_futures\account\CancelMultipleOrders.java,11
binance-futures-connector-java,examples.cm_futures.account,CancelOrder,1,0,2,1,21,2,0,0,1.0,0,2,G:\binance-futures-connector-java\src\test\java\examples\cm_futures\account\CancelOrder.java,11
binance-futures-connector-java,examples.cm_futures.account,ChangeInitialLeverage,2,0,2,1,22,2,0,0,1.0,0,2,G:\binance-futures-connector-java\src\test\java\examples\cm_futures\account\ChangeInitialLeverage.java,11
binance-futures-connector-java,examples.cm_futures.account,ChangeMarginType,1,0,2,1,21,2,0,0,1.0,0,2,G:\binance-futures-connector-java\src\test\java\examples\cm_futures\account\ChangeMarginType.java,11
binance-futures-connector-java,examples.cm_futures.account,ChangePositionModeTrade,1,0,2,1,20,2,0,0,1.0,0,2,G:\binance-futures-connector-java\src\test\java\examples\cm_futures\account\ChangePositionModeTrade.java,11
binance-futures-connector-java,examples.cm_futures.account,CurrentAllOpenOrders,1,0,2,1,20,2,0,0,1.0,0,2,G:\binance-futures-connector-java\src\test\java\examples\cm_futures\account\CurrentAllOpenOrders.java,11
binance-futures-connector-java,examples.cm_futures.account,FuturesAccountBalance,1,0,2,1,19,2,0,0,1.0,0,2,G:\binance-futures-connector-java\src\test\java\examples\cm_futures\account\FuturesAccountBalance.java,11
binance-futures-connector-java,examples.cm_futures.account,GetAdlQuantile,1,0,2,1,19,2,0,0,1.0,0,2,G:\binance-futures-connector-java\src\test\java\examples\cm_futures\account\GetAdlQuantile.java,11
binance-futures-connector-java,examples.cm_futures.account,GetCurrentPositionMode,1,0,2,1,19,2,0,0,1.0,0,2,G:\binance-futures-connector-java\src\test\java\examples\cm_futures\account\GetCurrentPositionMode.java,11
binance-futures-connector-java,examples.cm_futures.account,GetForceOrders,1,0,2,1,19,2,0,0,1.0,0,2,G:\binance-futures-connector-java\src\test\java\examples\cm_futures\account\GetForceOrders.java,11
binance-futures-connector-java,examples.cm_futures.account,GetIncomeHistory,1,0,2,1,20,2,0,0,1.0,0,2,G:\binance-futures-connector-java\src\test\java\examples\cm_futures\account\GetIncomeHistory.java,11
binance-futures-connector-java,examples.cm_futures.account,GetLeverageBracket,1,0,2,1,19,2,0,0,1.0,0,2,G:\binance-futures-connector-java\src\test\java\examples\cm_futures\account\GetLeverageBracket.java,11
binance-futures-connector-java,examples.cm_futures.account,GetPositionMarginChangeHistory,1,0,2,1,20,2,0,0,1.0,0,2,G:\binance-futures-connector-java\src\test\java\examples\cm_futures\account\GetPositionMarginChangeHistory.java,11
binance-futures-connector-java,examples.cm_futures.account,ModifyIsolatedPositionMargin,3,0,2,1,24,2,0,0,1.0,0,2,G:\binance-futures-connector-java\src\test\java\examples\cm_futures\account\ModifyIsolatedPositionMargin.java,11
binance-futures-connector-java,examples.cm_futures.account,NewOrder,3,0,2,1,27,2,0,0,1.0,0,2,G:\binance-futures-connector-java\src\test\java\examples\cm_futures\account\NewOrder.java,11
binance-futures-connector-java,examples.cm_futures.account,PlaceMultipleOrders,1,0,2,1,20,2,0,0,1.0,0,2,G:\binance-futures-connector-java\src\test\java\examples\cm_futures\account\PlaceMultipleOrders.java,11
binance-futures-connector-java,examples.cm_futures.account,PositionInformation,1,0,2,1,19,2,0,0,1.0,0,2,G:\binance-futures-connector-java\src\test\java\examples\cm_futures\account\PositionInformation.java,11
binance-futures-connector-java,examples.cm_futures.account,QueryCurrentOpenOrder,1,0,2,1,20,2,0,0,1.0,0,2,G:\binance-futures-connector-java\src\test\java\examples\cm_futures\account\QueryCurrentOpenOrder.java,11
binance-futures-connector-java,examples.cm_futures.account,QueryOrder,2,0,2,1,22,2,0,0,1.0,0,2,G:\binance-futures-connector-java\src\test\java\examples\cm_futures\account\QueryOrder.java,11
binance-futures-connector-java,examples.cm_futures.market,AggTrades,1,0,2,1,20,2,0,0,1.0,0,1,G:\binance-futures-connector-java\src\test\java\examples\cm_futures\market\AggTrades.java,10
binance-futures-connector-java,examples.cm_futures.market,Basis,1,0,2,1,22,2,0,0,1.0,0,1,G:\binance-futures-connector-java\src\test\java\examples\cm_futures\market\Basis.java,10
binance-futures-connector-java,examples.cm_futures.market,BookTicker,1,0,2,1,19,2,0,0,1.0,0,1,G:\binance-futures-connector-java\src\test\java\examples\cm_futures\market\BookTicker.java,10
binance-futures-connector-java,examples.cm_futures.market,ContinuousKlines,1,0,2,1,22,2,0,0,1.0,0,1,G:\binance-futures-connector-java\src\test\java\examples\cm_futures\market\ContinuousKlines.java,10
binance-futures-connector-java,examples.cm_futures.market,Depth,1,0,2,1,20,2,0,0,1.0,0,1,G:\binance-futures-connector-java\src\test\java\examples\cm_futures\market\Depth.java,10
binance-futures-connector-java,examples.cm_futures.market,ExchangeInfo,1,0,2,1,18,2,0,0,1.0,0,1,G:\binance-futures-connector-java\src\test\java\examples\cm_futures\market\ExchangeInfo.java,9
binance-futures-connector-java,examples.cm_futures.market,FundingRateHistory,1,0,2,1,19,2,0,0,1.0,0,1,G:\binance-futures-connector-java\src\test\java\examples\cm_futures\market\FundingRateHistory.java,10
binance-futures-connector-java,examples.cm_futures.market,HistoricalTrades,1,0,2,1,20,2,0,0,1.0,0,1,G:\binance-futures-connector-java\src\test\java\examples\cm_futures\market\HistoricalTrades.java,10
binance-futures-connector-java,examples.cm_futures.market,IndexPriceKlines,1,0,2,1,21,2,0,0,1.0,0,1,G:\binance-futures-connector-java\src\test\java\examples\cm_futures\market\IndexPriceKlines.java,10
binance-futures-connector-java,examples.cm_futures.market,Klines,1,0,2,1,21,2,0,0,1.0,0,1,G:\binance-futures-connector-java\src\test\java\examples\cm_futures\market\Klines.java,10
binance-futures-connector-java,examples.cm_futures.market,LongShortRatio,1,0,2,1,21,2,0,0,1.0,0,1,G:\binance-futures-connector-java\src\test\java\examples\cm_futures\market\LongShortRatio.java,10
binance-futures-connector-java,examples.cm_futures.market,MarkPrice,1,0,2,1,19,2,0,0,1.0,0,1,G:\binance-futures-connector-java\src\test\java\examples\cm_futures\market\MarkPrice.java,10
binance-futures-connector-java,examples.cm_futures.market,MarkPriceKlines,1,0,2,1,21,2,0,0,1.0,0,1,G:\binance-futures-connector-java\src\test\java\examples\cm_futures\market\MarkPriceKlines.java,10
binance-futures-connector-java,examples.cm_futures.market,OpenInterest,1,0,2,1,20,2,0,0,1.0,0,1,G:\binance-futures-connector-java\src\test\java\examples\cm_futures\market\OpenInterest.java,10
binance-futures-connector-java,examples.cm_futures.market,OpenInterestStatistics,1,0,2,1,21,2,0,0,1.0,0,1,G:\binance-futures-connector-java\src\test\java\examples\cm_futures\market\OpenInterestStatistics.java,10
binance-futures-connector-java,examples.cm_futures.market,Ping,1,0,2,1,18,2,0,0,1.0,0,1,G:\binance-futures-connector-java\src\test\java\examples\cm_futures\market\Ping.java,9
binance-futures-connector-java,examples.cm_futures.market,Ticker24H,1,0,2,1,19,2,0,0,1.0,0,1,G:\binance-futures-connector-java\src\test\java\examples\cm_futures\market\Ticker24H.java,10
binance-futures-connector-java,examples.cm_futures.market,TickerPrice,1,0,2,1,19,2,0,0,1.0,0,1,G:\binance-futures-connector-java\src\test\java\examples\cm_futures\market\TickerPrice.java,10
binance-futures-connector-java,examples.cm_futures.market,Time,1,0,2,1,18,2,0,0,1.0,0,1,G:\binance-futures-connector-java\src\test\java\examples\cm_futures\market\Time.java,9
binance-futures-connector-java,examples.cm_futures.market,TopLongShortAccountRatio,1,0,2,1,21,2,0,0,1.0,0,1,G:\binance-futures-connector-java\src\test\java\examples\cm_futures\market\TopLongShortAccountRatio.java,10
binance-futures-connector-java,examples.cm_futures.market,TopLongShortPositionRatio,1,0,2,1,21,2,0,0,1.0,0,1,G:\binance-futures-connector-java\src\test\java\examples\cm_futures\market\TopLongShortPositionRatio.java,10
binance-futures-connector-java,examples.cm_futures.market,Trades,1,0,2,1,20,2,0,0,1.0,0,1,G:\binance-futures-connector-java\src\test\java\examples\cm_futures\market\Trades.java,10
binance-futures-connector-java,examples.cm_futures.portfoliomargin,PortfolioMarginAccountInfo,1,0,2,1,12,2,0,0,1.0,0,2,G:\binance-futures-connector-java\src\test\java\examples\cm_futures\portfoliomargin\PortfolioMarginAccountInfo.java,9
binance-futures-connector-java,examples.cm_futures.portfoliomargin,PortfolioMarginExchangeInfo,1,0,2,1,12,2,0,0,1.0,0,2,G:\binance-futures-connector-java\src\test\java\examples\cm_futures\portfoliomargin\PortfolioMarginExchangeInfo.java,9
binance-futures-connector-java,examples.cm_futures.proxy,AuthProxy,1,0,3,2,22,5,0,0,1.0,0,2,G:\binance-futures-connector-java\src\test\java\examples\cm_futures\proxy\AuthProxy.java,15
binance-futures-connector-java,examples.cm_futures.proxy,UnauthProxy,1,0,2,1,14,2,0,0,1.0,0,2,G:\binance-futures-connector-java\src\test\java\examples\cm_futures\proxy\UnauthProxy.java,8
binance-futures-connector-java,examples.cm_futures.userdata,CloseListenKey,1,0,2,1,18,2,0,0,1.0,0,2,G:\binance-futures-connector-java\src\test\java\examples\cm_futures\userdata\CloseListenKey.java,10
binance-futures-connector-java,examples.cm_futures.userdata,CreateListenKey,1,0,2,1,18,2,0,0,1.0,0,2,G:\binance-futures-connector-java\src\test\java\examples\cm_futures\userdata\CreateListenKey.java,10
binance-futures-connector-java,examples.cm_futures.userdata,ExtendListenKey,1,0,2,1,18,2,0,0,1.0,0,2,G:\binance-futures-connector-java\src\test\java\examples\cm_futures\userdata\ExtendListenKey.java,10
binance-futures-connector-java,examples.cm_futures.websocket,AggTradeStream,0,0,2,1,17,2,0,0,-1.0,0,1,G:\binance-futures-connector-java\src\test\java\examples\cm_futures\websocket\AggTradeStream.java,5
binance-futures-connector-java,examples.cm_futures.websocket,AllBookTicker,0,0,2,1,12,2,0,0,-1.0,0,1,G:\binance-futures-connector-java\src\test\java\examples\cm_futures\websocket\AllBookTicker.java,5
binance-futures-connector-java,examples.cm_futures.websocket,AllForceOrderStream,0,0,2,1,12,2,0,0,-1.0,0,1,G:\binance-futures-connector-java\src\test\java\examples\cm_futures\websocket\AllForceOrderStream.java,5
binance-futures-connector-java,examples.cm_futures.websocket,AllMiniTickerStream,0,0,2,1,12,2,0,0,-1.0,0,1,G:\binance-futures-connector-java\src\test\java\examples\cm_futures\websocket\AllMiniTickerStream.java,5
binance-futures-connector-java,examples.cm_futures.websocket,AllTickerStream,0,0,2,1,12,2,0,0,-1.0,0,1,G:\binance-futures-connector-java\src\test\java\examples\cm_futures\websocket\AllTickerStream.java,5
binance-futures-connector-java,examples.cm_futures.websocket,BookTicker,0,0,2,1,12,2,0,0,-1.0,0,1,G:\binance-futures-connector-java\src\test\java\examples\cm_futures\websocket\BookTicker.java,5
binance-futures-connector-java,examples.cm_futures.websocket,CombineStreams,0,0,2,1,15,2,0,0,-1.0,0,1,G:\binance-futures-connector-java\src\test\java\examples\cm_futures\websocket\CombineStreams.java,6
binance-futures-connector-java,examples.cm_futures.websocket,ContinuousKlineStream,0,0,2,1,12,2,0,0,-1.0,0,1,G:\binance-futures-connector-java\src\test\java\examples\cm_futures\websocket\ContinuousKlineStream.java,5
binance-futures-connector-java,examples.cm_futures.websocket,DiffDepthStream,1,0,2,1,13,2,0,0,1.0,0,1,G:\binance-futures-connector-java\src\test\java\examples\cm_futures\websocket\DiffDepthStream.java,5
binance-futures-connector-java,examples.cm_futures.websocket,ForceOrderStream,0,0,2,1,12,2,0,0,-1.0,0,1,G:\binance-futures-connector-java\src\test\java\examples\cm_futures\websocket\ForceOrderStream.java,5
binance-futures-connector-java,examples.cm_futures.websocket,IndexKlineCandlestick,0,0,2,1,17,2,0,0,-1.0,0,1,G:\binance-futures-connector-java\src\test\java\examples\cm_futures\websocket\IndexKlineCandlestick.java,5
binance-futures-connector-java,examples.cm_futures.websocket,IndexPriceStream,1,0,2,1,18,2,0,0,1.0,0,1,G:\binance-futures-connector-java\src\test\java\examples\cm_futures\websocket\IndexPriceStream.java,5
binance-futures-connector-java,examples.cm_futures.websocket,KlineStream,0,0,2,1,12,2,0,0,-1.0,0,1,G:\binance-futures-connector-java\src\test\java\examples\cm_futures\websocket\KlineStream.java,5
binance-futures-connector-java,examples.cm_futures.websocket,ListenUserStream,0,0,2,1,12,2,0,0,-1.0,0,1,G:\binance-futures-connector-java\src\test\java\examples\cm_futures\websocket\ListenUserStream.java,5
binance-futures-connector-java,examples.cm_futures.websocket,MarkKlineCandlestick,0,0,2,1,17,2,0,0,-1.0,0,1,G:\binance-futures-connector-java\src\test\java\examples\cm_futures\websocket\MarkKlineCandlestick.java,5
binance-futures-connector-java,examples.cm_futures.websocket,MarkPriceStream,0,0,2,1,19,2,0,0,-1.0,0,1,G:\binance-futures-connector-java\src\test\java\examples\cm_futures\websocket\MarkPriceStream.java,5
binance-futures-connector-java,examples.cm_futures.websocket,MarkPriceSymbolsPairStream,2,0,2,1,19,2,0,0,1.0,0,1,G:\binance-futures-connector-java\src\test\java\examples\cm_futures\websocket\MarkPriceSymbolsPairStream.java,5
binance-futures-connector-java,examples.cm_futures.websocket,MiniTickerStream,0,0,2,1,12,2,0,0,-1.0,0,1,G:\binance-futures-connector-java\src\test\java\examples\cm_futures\websocket\MiniTickerStream.java,5
binance-futures-connector-java,examples.cm_futures.websocket,PartialDepthStream,3,0,2,1,19,2,0,0,1.0,0,1,G:\binance-futures-connector-java\src\test\java\examples\cm_futures\websocket\PartialDepthStream.java,5
binance-futures-connector-java,examples.cm_futures.websocket,SymbolTicker,0,0,2,1,12,2,0,0,-1.0,0,1,G:\binance-futures-connector-java\src\test\java\examples\cm_futures\websocket\SymbolTicker.java,5
binance-futures-connector-java,examples,PrivateConfig,7,7,1,0,11,1,0,0,0.0,60,0,G:\binance-futures-connector-java\src\test\java\examples\PrivateConfig.java,3
binance-futures-connector-java,examples.um_futures.account,AccountInformation,1,0,2,1,19,2,0,0,1.0,0,2,G:\binance-futures-connector-java\src\test\java\examples\um_futures\account\AccountInformation.java,11
binance-futures-connector-java,examples.um_futures.account,AccountTradeList,1,0,2,1,20,2,0,0,1.0,0,2,G:\binance-futures-connector-java\src\test\java\examples\um_futures\account\AccountTradeList.java,11
binance-futures-connector-java,examples.um_futures.account,AllOrders,1,0,2,1,20,2,0,0,1.0,0,2,G:\binance-futures-connector-java\src\test\java\examples\um_futures\account\AllOrders.java,11
binance-futures-connector-java,examples.um_futures.account,AutoCancelOpen,2,0,2,1,22,2,0,0,1.0,0,2,G:\binance-futures-connector-java\src\test\java\examples\um_futures\account\AutoCancelOpen.java,11
binance-futures-connector-java,examples.um_futures.account,CancelAllOpenOrders,1,0,2,1,20,2,0,0,1.0,0,2,G:\binance-futures-connector-java\src\test\java\examples\um_futures\account\CancelAllOpenOrders.java,11
binance-futures-connector-java,examples.um_futures.account,CancelMultipleOrders,1,0,2,1,21,2,0,0,1.0,0,2,G:\binance-futures-connector-java\src\test\java\examples\um_futures\account\CancelMultipleOrders.java,11
binance-futures-connector-java,examples.um_futures.account,CancelOrder,1,0,2,1,21,2,0,0,1.0,0,2,G:\binance-futures-connector-java\src\test\java\examples\um_futures\account\CancelOrder.java,11
binance-futures-connector-java,examples.um_futures.account,ChangeInitialLeverage,2,0,2,1,22,2,0,0,1.0,0,2,G:\binance-futures-connector-java\src\test\java\examples\um_futures\account\ChangeInitialLeverage.java,11
binance-futures-connector-java,examples.um_futures.account,ChangeMarginType,1,0,2,1,21,2,0,0,1.0,0,2,G:\binance-futures-connector-java\src\test\java\examples\um_futures\account\ChangeMarginType.java,11
binance-futures-connector-java,examples.um_futures.account,ChangeMultiAssetsMode,1,0,2,1,20,2,0,0,1.0,0,2,G:\binance-futures-connector-java\src\test\java\examples\um_futures\account\ChangeMultiAssetsMode.java,11
binance-futures-connector-java,examples.um_futures.account,ChangePositionModeTrade,1,0,2,1,20,2,0,0,1.0,0,2,G:\binance-futures-connector-java\src\test\java\examples\um_futures\account\ChangePositionModeTrade.java,11
binance-futures-connector-java,examples.um_futures.account,CurrentAllOpenOrders,1,0,2,1,20,2,0,0,1.0,0,2,G:\binance-futures-connector-java\src\test\java\examples\um_futures\account\CurrentAllOpenOrders.java,11
binance-futures-connector-java,examples.um_futures.account,FuturesAccountBalance,1,0,2,1,19,2,0,0,1.0,0,2,G:\binance-futures-connector-java\src\test\java\examples\um_futures\account\FuturesAccountBalance.java,11
binance-futures-connector-java,examples.um_futures.account,GetAdlQuantile,1,0,2,1,19,2,0,0,1.0,0,2,G:\binance-futures-connector-java\src\test\java\examples\um_futures\account\GetAdlQuantile.java,11
binance-futures-connector-java,examples.um_futures.account,GetCurrentMultiAssetMode,1,0,2,1,19,2,0,0,1.0,0,2,G:\binance-futures-connector-java\src\test\java\examples\um_futures\account\GetCurrentMultiAssetMode.java,11
binance-futures-connector-java,examples.um_futures.account,GetCurrentPositionMode,1,0,2,1,19,2,0,0,1.0,0,2,G:\binance-futures-connector-java\src\test\java\examples\um_futures\account\GetCurrentPositionMode.java,11
binance-futures-connector-java,examples.um_futures.account,GetForceOrders,1,0,2,1,19,2,0,0,1.0,0,2,G:\binance-futures-connector-java\src\test\java\examples\um_futures\account\GetForceOrders.java,11
binance-futures-connector-java,examples.um_futures.account,GetIncomeHistory,1,0,2,1,20,2,0,0,1.0,0,2,G:\binance-futures-connector-java\src\test\java\examples\um_futures\account\GetIncomeHistory.java,11
binance-futures-connector-java,examples.um_futures.account,GetLeverageBracket,1,0,2,1,19,2,0,0,1.0,0,2,G:\binance-futures-connector-java\src\test\java\examples\um_futures\account\GetLeverageBracket.java,11
binance-futures-connector-java,examples.um_futures.account,GetPositionMarginChangeHistory,1,0,2,1,20,2,0,0,1.0,0,2,G:\binance-futures-connector-java\src\test\java\examples\um_futures\account\GetPositionMarginChangeHistory.java,11
binance-futures-connector-java,examples.um_futures.account,ModifyIsolatedPositionMargin,3,0,2,1,24,2,0,0,1.0,0,2,G:\binance-futures-connector-java\src\test\java\examples\um_futures\account\ModifyIsolatedPositionMargin.java,11
binance-futures-connector-java,examples.um_futures.account,NewOrder,3,0,2,1,27,2,0,0,1.0,0,2,G:\binance-futures-connector-java\src\test\java\examples\um_futures\account\NewOrder.java,11
binance-futures-connector-java,examples.um_futures.account,PlaceMultipleOrders,1,0,2,1,20,2,0,0,1.0,0,2,G:\binance-futures-connector-java\src\test\java\examples\um_futures\account\PlaceMultipleOrders.java,11
binance-futures-connector-java,examples.um_futures.account,PositionInformation,1,0,2,1,19,2,0,0,1.0,0,2,G:\binance-futures-connector-java\src\test\java\examples\um_futures\account\PositionInformation.java,11
binance-futures-connector-java,examples.um_futures.account,QueryCurrentOpenOrder,1,0,2,1,20,2,0,0,1.0,0,2,G:\binance-futures-connector-java\src\test\java\examples\um_futures\account\QueryCurrentOpenOrder.java,11
binance-futures-connector-java,examples.um_futures.account,QueryOrder,2,0,2,1,22,2,0,0,1.0,0,2,G:\binance-futures-connector-java\src\test\java\examples\um_futures\account\QueryOrder.java,11
binance-futures-connector-java,examples.um_futures.market,AggTrades,1,0,2,1,20,2,0,0,1.0,0,1,G:\binance-futures-connector-java\src\test\java\examples\um_futures\market\AggTrades.java,10
binance-futures-connector-java,examples.um_futures.market,BookTicker,1,0,2,1,19,2,0,0,1.0,0,1,G:\binance-futures-connector-java\src\test\java\examples\um_futures\market\BookTicker.java,10
binance-futures-connector-java,examples.um_futures.market,ContinuousKlines,1,0,2,1,22,2,0,0,1.0,0,1,G:\binance-futures-connector-java\src\test\java\examples\um_futures\market\ContinuousKlines.java,10
binance-futures-connector-java,examples.um_futures.market,Depth,1,0,2,1,20,2,0,0,1.0,0,1,G:\binance-futures-connector-java\src\test\java\examples\um_futures\market\Depth.java,10
binance-futures-connector-java,examples.um_futures.market,ExchangeInfo,1,0,2,1,18,2,0,0,1.0,0,1,G:\binance-futures-connector-java\src\test\java\examples\um_futures\market\ExchangeInfo.java,9
binance-futures-connector-java,examples.um_futures.market,FundingRateHistory,1,0,2,1,19,2,0,0,1.0,0,1,G:\binance-futures-connector-java\src\test\java\examples\um_futures\market\FundingRateHistory.java,10
binance-futures-connector-java,examples.um_futures.market,HistoricalBlvtKlines,1,0,2,1,21,2,0,0,1.0,0,1,G:\binance-futures-connector-java\src\test\java\examples\um_futures\market\HistoricalBlvtKlines.java,10
binance-futures-connector-java,examples.um_futures.market,HistoricalTrades,1,0,2,1,20,2,0,0,1.0,0,1,G:\binance-futures-connector-java\src\test\java\examples\um_futures\market\HistoricalTrades.java,10
binance-futures-connector-java,examples.um_futures.market,IndexInfo,1,0,2,1,19,2,0,0,1.0,0,1,G:\binance-futures-connector-java\src\test\java\examples\um_futures\market\IndexInfo.java,10
binance-futures-connector-java,examples.um_futures.market,IndexPriceKlines,1,0,2,1,21,2,0,0,1.0,0,1,G:\binance-futures-connector-java\src\test\java\examples\um_futures\market\IndexPriceKlines.java,10
binance-futures-connector-java,examples.um_futures.market,Klines,1,0,2,1,21,2,0,0,1.0,0,1,G:\binance-futures-connector-java\src\test\java\examples\um_futures\market\Klines.java,10
binance-futures-connector-java,examples.um_futures.market,LongShortRatio,1,0,2,1,21,2,0,0,1.0,0,1,G:\binance-futures-connector-java\src\test\java\examples\um_futures\market\LongShortRatio.java,10
binance-futures-connector-java,examples.um_futures.market,MarkPrice,1,0,2,1,19,2,0,0,1.0,0,1,G:\binance-futures-connector-java\src\test\java\examples\um_futures\market\MarkPrice.java,10
binance-futures-connector-java,examples.um_futures.market,MarkPriceKlines,1,0,2,1,21,2,0,0,1.0,0,1,G:\binance-futures-connector-java\src\test\java\examples\um_futures\market\MarkPriceKlines.java,10
binance-futures-connector-java,examples.um_futures.market,MultiAssetModeIndex,1,0,2,1,19,2,0,0,1.0,0,1,G:\binance-futures-connector-java\src\test\java\examples\um_futures\market\MultiAssetModeIndex.java,10
binance-futures-connector-java,examples.um_futures.market,OpenInterest,1,0,2,1,20,2,0,0,1.0,0,1,G:\binance-futures-connector-java\src\test\java\examples\um_futures\market\OpenInterest.java,10
binance-futures-connector-java,examples.um_futures.market,OpenInterestStatistics,1,0,2,1,21,2,0,0,1.0,0,1,G:\binance-futures-connector-java\src\test\java\examples\um_futures\market\OpenInterestStatistics.java,10
binance-futures-connector-java,examples.um_futures.market,Ping,1,0,2,1,18,2,0,0,1.0,0,1,G:\binance-futures-connector-java\src\test\java\examples\um_futures\market\Ping.java,9
binance-futures-connector-java,examples.um_futures.market,TakerBuySellVolume,1,0,2,1,21,2,0,0,1.0,0,1,G:\binance-futures-connector-java\src\test\java\examples\um_futures\market\TakerBuySellVolume.java,10
binance-futures-connector-java,examples.um_futures.market,Ticker24H,1,0,2,1,19,2,0,0,1.0,0,1,G:\binance-futures-connector-java\src\test\java\examples\um_futures\market\Ticker24H.java,10
binance-futures-connector-java,examples.um_futures.market,TickerPrice,1,0,2,1,19,2,0,0,1.0,0,1,G:\binance-futures-connector-java\src\test\java\examples\um_futures\market\TickerPrice.java,10
binance-futures-connector-java,examples.um_futures.market,Time,1,0,2,1,18,2,0,0,1.0,0,1,G:\binance-futures-connector-java\src\test\java\examples\um_futures\market\Time.java,9
binance-futures-connector-java,examples.um_futures.market,TopLongShortAccountRatio,1,0,2,1,21,2,0,0,1.0,0,1,G:\binance-futures-connector-java\src\test\java\examples\um_futures\market\TopLongShortAccountRatio.java,10
binance-futures-connector-java,examples.um_futures.market,TopLongShortPositionRatio,1,0,2,1,21,2,0,0,1.0,0,1,G:\binance-futures-connector-java\src\test\java\examples\um_futures\market\TopLongShortPositionRatio.java,10
binance-futures-connector-java,examples.um_futures.market,Trades,1,0,2,1,20,2,0,0,1.0,0,1,G:\binance-futures-connector-java\src\test\java\examples\um_futures\market\Trades.java,10
binance-futures-connector-java,examples.um_futures.portfoliomargin,PortfolioMarginAccountInfo,1,0,2,1,12,2,0,0,1.0,0,2,G:\binance-futures-connector-java\src\test\java\examples\um_futures\portfoliomargin\PortfolioMarginAccountInfo.java,9
binance-futures-connector-java,examples.um_futures.portfoliomargin,PortfolioMarginExchangeInfo,1,0,2,1,12,2,0,0,1.0,0,2,G:\binance-futures-connector-java\src\test\java\examples\um_futures\portfoliomargin\PortfolioMarginExchangeInfo.java,9
binance-futures-connector-java,examples.um_futures.proxy,AuthProxy,1,0,3,2,22,5,0,0,1.0,0,2,G:\binance-futures-connector-java\src\test\java\examples\um_futures\proxy\AuthProxy.java,15
binance-futures-connector-java,examples.um_futures.proxy,UnauthProxy,1,0,2,1,14,2,0,0,1.0,0,2,G:\binance-futures-connector-java\src\test\java\examples\um_futures\proxy\UnauthProxy.java,8
binance-futures-connector-java,examples.um_futures.userdata,CloseListenKey,1,0,2,1,18,2,0,0,1.0,0,2,G:\binance-futures-connector-java\src\test\java\examples\um_futures\userdata\CloseListenKey.java,10
binance-futures-connector-java,examples.um_futures.userdata,CreateListenKey,1,0,2,1,18,2,0,0,1.0,0,2,G:\binance-futures-connector-java\src\test\java\examples\um_futures\userdata\CreateListenKey.java,10
binance-futures-connector-java,examples.um_futures.userdata,ExtendListenKey,1,0,2,1,18,2,0,0,1.0,0,2,G:\binance-futures-connector-java\src\test\java\examples\um_futures\userdata\ExtendListenKey.java,10
binance-futures-connector-java,examples.um_futures.websocket,AggTradeStream,0,0,2,1,17,2,0,0,-1.0,0,1,G:\binance-futures-connector-java\src\test\java\examples\um_futures\websocket\AggTradeStream.java,5
binance-futures-connector-java,examples.um_futures.websocket,AllBookTicker,0,0,2,1,12,2,0,0,-1.0,0,1,G:\binance-futures-connector-java\src\test\java\examples\um_futures\websocket\AllBookTicker.java,5
binance-futures-connector-java,examples.um_futures.websocket,AllForceOrderStream,0,0,2,1,12,2,0,0,-1.0,0,1,G:\binance-futures-connector-java\src\test\java\examples\um_futures\websocket\AllForceOrderStream.java,5
binance-futures-connector-java,examples.um_futures.websocket,AllMarkPriceStream,0,0,2,1,19,2,0,0,-1.0,0,1,G:\binance-futures-connector-java\src\test\java\examples\um_futures\websocket\AllMarkPriceStream.java,5
binance-futures-connector-java,examples.um_futures.websocket,AllMiniTickerStream,0,0,2,1,12,2,0,0,-1.0,0,1,G:\binance-futures-connector-java\src\test\java\examples\um_futures\websocket\AllMiniTickerStream.java,5
binance-futures-connector-java,examples.um_futures.websocket,AllTickerStream,0,0,2,1,12,2,0,0,-1.0,0,1,G:\binance-futures-connector-java\src\test\java\examples\um_futures\websocket\AllTickerStream.java,5
binance-futures-connector-java,examples.um_futures.websocket,BookTicker,0,0,2,1,12,2,0,0,-1.0,0,1,G:\binance-futures-connector-java\src\test\java\examples\um_futures\websocket\BookTicker.java,5
binance-futures-connector-java,examples.um_futures.websocket,CombineStreams,0,0,2,1,15,2,0,0,-1.0,0,1,G:\binance-futures-connector-java\src\test\java\examples\um_futures\websocket\CombineStreams.java,6
binance-futures-connector-java,examples.um_futures.websocket,CompositeIndex,0,0,2,1,12,2,0,0,-1.0,0,1,G:\binance-futures-connector-java\src\test\java\examples\um_futures\websocket\CompositeIndex.java,5
binance-futures-connector-java,examples.um_futures.websocket,ContinuousKlineStream,0,0,2,1,12,2,0,0,-1.0,0,1,G:\binance-futures-connector-java\src\test\java\examples\um_futures\websocket\ContinuousKlineStream.java,5
binance-futures-connector-java,examples.um_futures.websocket,DiffDepthStream,1,0,2,1,13,2,0,0,1.0,0,1,G:\binance-futures-connector-java\src\test\java\examples\um_futures\websocket\DiffDepthStream.java,5
binance-futures-connector-java,examples.um_futures.websocket,ForceOrderStream,0,0,2,1,12,2,0,0,-1.0,0,1,G:\binance-futures-connector-java\src\test\java\examples\um_futures\websocket\ForceOrderStream.java,5
binance-futures-connector-java,examples.um_futures.websocket,KlineStream,0,0,2,1,12,2,0,0,-1.0,0,1,G:\binance-futures-connector-java\src\test\java\examples\um_futures\websocket\KlineStream.java,5
binance-futures-connector-java,examples.um_futures.websocket,ListenUserStream,0,0,2,1,12,2,0,0,-1.0,0,1,G:\binance-futures-connector-java\src\test\java\examples\um_futures\websocket\ListenUserStream.java,5
binance-futures-connector-java,examples.um_futures.websocket,MarkPriceStream,0,0,2,1,19,2,0,0,-1.0,0,1,G:\binance-futures-connector-java\src\test\java\examples\um_futures\websocket\MarkPriceStream.java,5
binance-futures-connector-java,examples.um_futures.websocket,MiniTickerStream,0,0,2,1,12,2,0,0,-1.0,0,1,G:\binance-futures-connector-java\src\test\java\examples\um_futures\websocket\MiniTickerStream.java,5
binance-futures-connector-java,examples.um_futures.websocket,PartialDepthStream,3,0,2,1,19,2,0,0,1.0,0,1,G:\binance-futures-connector-java\src\test\java\examples\um_futures\websocket\PartialDepthStream.java,5
binance-futures-connector-java,examples.um_futures.websocket,SymbolTicker,0,0,2,1,12,2,0,0,-1.0,0,1,G:\binance-futures-connector-java\src\test\java\examples\um_futures\websocket\SymbolTicker.java,5
binance-futures-connector-java,unit.cm_futures.account,TestCMAccountInformation,2,0,2,2,17,2,0,0,0.0,0,4,G:\binance-futures-connector-java\src\test\java\unit\cm_futures\account\TestCMAccountInformation.java,14
binance-futures-connector-java,unit.cm_futures.account,TestCMAccountTradeList,2,0,3,3,26,3,0,0,0.0,0,5,G:\binance-futures-connector-java\src\test\java\unit\cm_futures\account\TestCMAccountTradeList.java,16
binance-futures-connector-java,unit.cm_futures.account,TestCMAllOrders,2,0,3,3,26,3,0,0,0.0,0,5,G:\binance-futures-connector-java\src\test\java\unit\cm_futures\account\TestCMAllOrders.java,16
binance-futures-connector-java,unit.cm_futures.account,TestCMAutoCancelAllOpenOrders,3,0,3,3,28,3,0,0,0.0,0,5,G:\binance-futures-connector-java\src\test\java\unit\cm_futures\account\TestCMAutoCancelAllOpenOrders.java,16
binance-futures-connector-java,unit.cm_futures.account,TestCMCancelAllOpenOrders,2,0,3,3,26,3,0,0,0.0,0,5,G:\binance-futures-connector-java\src\test\java\unit\cm_futures\account\TestCMCancelAllOpenOrders.java,16
binance-futures-connector-java,unit.cm_futures.account,TestCMCancelMultipleOrders,2,0,3,3,26,3,0,0,0.0,0,6,G:\binance-futures-connector-java\src\test\java\unit\cm_futures\account\TestCMCancelMultipleOrders.java,16
binance-futures-connector-java,unit.cm_futures.account,TestCMCancelOrder,4,0,4,4,40,4,0,0,0.0,0,6,G:\binance-futures-connector-java\src\test\java\unit\cm_futures\account\TestCMCancelOrder.java,17
binance-futures-connector-java,unit.cm_futures.account,TestCMChangeInitialLeverage,3,0,3,3,28,3,0,0,0.0,0,5,G:\binance-futures-connector-java\src\test\java\unit\cm_futures\account\TestCMChangeInitialLeverage.java,16
binance-futures-connector-java,unit.cm_futures.account,TestCMChangePositionMode,2,0,3,3,26,3,0,0,0.0,0,5,G:\binance-futures-connector-java\src\test\java\unit\cm_futures\account\TestCMChangePositionMode.java,16
binance-futures-connector-java,unit.cm_futures.account,TestCMCurrentAllOpenOrders,2,0,3,3,27,3,0,0,0.0,0,4,G:\binance-futures-connector-java\src\test\java\unit\cm_futures\account\TestCMCurrentAllOpenOrders.java,14
binance-futures-connector-java,unit.cm_futures.account,TestCMCurrentPositionMode,2,0,2,2,17,2,0,0,0.0,0,4,G:\binance-futures-connector-java\src\test\java\unit\cm_futures\account\TestCMCurrentPositionMode.java,14
binance-futures-connector-java,unit.cm_futures.account,TestCMFuturesAccountBalance,2,0,2,2,17,2,0,0,0.0,0,4,G:\binance-futures-connector-java\src\test\java\unit\cm_futures\account\TestCMFuturesAccountBalance.java,14
binance-futures-connector-java,unit.cm_futures.account,TestCMGetLeverageBracket,2,0,3,3,27,3,0,0,0.0,0,4,G:\binance-futures-connector-java\src\test\java\unit\cm_futures\account\TestCMGetLeverageBracket.java,14
binance-futures-connector-java,unit.cm_futures.account,TestCMGetLeverageBracketPair,2,0,3,3,27,3,0,0,0.0,0,4,G:\binance-futures-connector-java\src\test\java\unit\cm_futures\account\TestCMGetLeverageBracketPair.java,14
binance-futures-connector-java,unit.cm_futures.account,TestCMIncomeHistory,2,0,3,3,27,3,0,0,0.0,0,4,G:\binance-futures-connector-java\src\test\java\unit\cm_futures\account\TestCMIncomeHistory.java,14
binance-futures-connector-java,unit.cm_futures.account,TestCMModifyIsolatedPositionMargin,3,0,3,3,29,3,0,0,0.0,0,5,G:\binance-futures-connector-java\src\test\java\unit\cm_futures\account\TestCMModifyIsolatedPositionMargin.java,16
binance-futures-connector-java,unit.cm_futures.account,TestCMModifyOrder,3,0,3,3,29,3,0,0,0.0,0,5,G:\binance-futures-connector-java\src\test\java\unit\cm_futures\account\TestCMModifyOrder.java,16
binance-futures-connector-java,unit.cm_futures.account,TestCMModifyOrderHistory,3,0,3,3,29,3,0,0,0.0,0,5,G:\binance-futures-connector-java\src\test\java\unit\cm_futures\account\TestCMModifyOrderHistory.java,16
binance-futures-connector-java,unit.cm_futures.account,TestCMNewOrder,3,0,3,3,30,3,0,0,0.0,0,5,G:\binance-futures-connector-java\src\test\java\unit\cm_futures\account\TestCMNewOrder.java,16
binance-futures-connector-java,unit.cm_futures.account,TestCMNotionalAndLeverageBrackets,2,0,3,3,27,3,0,0,0.0,0,4,G:\binance-futures-connector-java\src\test\java\unit\cm_futures\account\TestCMNotionalAndLeverageBrackets.java,14
binance-futures-connector-java,unit.cm_futures.account,TestCMPositionAdlQuantileEstimation,2,0,3,3,27,3,0,0,0.0,0,4,G:\binance-futures-connector-java\src\test\java\unit\cm_futures\account\TestCMPositionAdlQuantileEstimation.java,14
binance-futures-connector-java,unit.cm_futures.account,TestCMPositionInformation,2,0,3,3,27,3,0,0,0.0,0,4,G:\binance-futures-connector-java\src\test\java\unit\cm_futures\account\TestCMPositionInformation.java,14
binance-futures-connector-java,unit.cm_futures.account,TestCMPositionMarginChangeHistory,2,0,3,3,26,3,0,0,0.0,0,5,G:\binance-futures-connector-java\src\test\java\unit\cm_futures\account\TestCMPositionMarginChangeHistory.java,16
binance-futures-connector-java,unit.cm_futures.account,TestCMQueryCurrentOpenOrder,2,0,5,5,47,5,0,0,0.0,0,5,G:\binance-futures-connector-java\src\test\java\unit\cm_futures\account\TestCMQueryCurrentOpenOrder.java,16
binance-futures-connector-java,unit.cm_futures.account,TestCMQueryOrder,2,0,5,5,47,5,0,0,0.0,0,5,G:\binance-futures-connector-java\src\test\java\unit\cm_futures\account\TestCMQueryOrder.java,16
binance-futures-connector-java,unit.cm_futures.account,TestCMUserCommissionRate,2,0,3,3,26,3,0,0,0.0,0,5,G:\binance-futures-connector-java\src\test\java\unit\cm_futures\account\TestCMUserCommissionRate.java,16
binance-futures-connector-java,unit.cm_futures.account,TestCMUsersForceOrders,2,0,3,3,27,3,0,0,0.0,0,4,G:\binance-futures-connector-java\src\test\java\unit\cm_futures\account\TestCMUsersForceOrders.java,14
binance-futures-connector-java,unit.cm_futures.market,TestCMAggTrades,6,0,6,6,64,6,0,0,0.0,0,5,G:\binance-futures-connector-java\src\test\java\unit\cm_futures\market\TestCMAggTrades.java,16
binance-futures-connector-java,unit.cm_futures.market,TestCMBasis,2,0,4,4,38,4,0,0,0.0,0,5,G:\binance-futures-connector-java\src\test\java\unit\cm_futures\market\TestCMBasis.java,16
binance-futures-connector-java,unit.cm_futures.market,TestCMBookTicker,2,0,3,3,27,3,0,0,0.0,0,4,G:\binance-futures-connector-java\src\test\java\unit\cm_futures\market\TestCMBookTicker.java,14
binance-futures-connector-java,unit.cm_futures.market,TestCMContinuousKlines,5,0,5,5,56,5,0,0,0.0,0,5,G:\binance-futures-connector-java\src\test\java\unit\cm_futures\market\TestCMContinuousKlines.java,16
binance-futures-connector-java,unit.cm_futures.market,TestCMDepth,3,0,4,4,38,4,0,0,0.0,0,5,G:\binance-futures-connector-java\src\test\java\unit\cm_futures\market\TestCMDepth.java,16
binance-futures-connector-java,unit.cm_futures.market,TestCMExchangeInfo,2,0,2,2,16,2,0,0,0.0,0,4,G:\binance-futures-connector-java\src\test\java\unit\cm_futures\market\TestCMExchangeInfo.java,13
binance-futures-connector-java,unit.cm_futures.market,TestCMFundingRateHistory,5,0,3,3,33,3,0,0,0.0,0,4,G:\binance-futures-connector-java\src\test\java\unit\cm_futures\market\TestCMFundingRateHistory.java,14
binance-futures-connector-java,unit.cm_futures.market,TestCMHistoricalTrades,4,0,5,5,48,5,0,0,0.0,0,5,G:\binance-futures-connector-java\src\test\java\unit\cm_futures\market\TestCMHistoricalTrades.java,16
binance-futures-connector-java,unit.cm_futures.market,TestCMIndexPriceKlines,5,0,5,5,54,5,0,0,0.0,0,5,G:\binance-futures-connector-java\src\test\java\unit\cm_futures\market\TestCMIndexPriceKlines.java,16
binance-futures-connector-java,unit.cm_futures.market,TestCMKlines,5,0,5,5,54,5,0,0,0.0,0,5,G:\binance-futures-connector-java\src\test\java\unit\cm_futures\market\TestCMKlines.java,16
binance-futures-connector-java,unit.cm_futures.market,TestCMLongShortRatio,5,0,5,5,54,5,0,0,0.0,0,5,G:\binance-futures-connector-java\src\test\java\unit\cm_futures\market\TestCMLongShortRatio.java,16
binance-futures-connector-java,unit.cm_futures.market,TestCMMarkPrice,2,0,3,3,27,3,0,0,0.0,0,4,G:\binance-futures-connector-java\src\test\java\unit\cm_futures\market\TestCMMarkPrice.java,14
binance-futures-connector-java,unit.cm_futures.market,TestCMMarkPriceKlines,5,0,5,5,54,5,0,0,0.0,0,5,G:\binance-futures-connector-java\src\test\java\unit\cm_futures\market\TestCMMarkPriceKlines.java,16
binance-futures-connector-java,unit.cm_futures.market,TestCMOpenInterest,2,0,3,3,26,3,0,0,0.0,0,5,G:\binance-futures-connector-java\src\test\java\unit\cm_futures\market\TestCMOpenInterest.java,16
binance-futures-connector-java,unit.cm_futures.market,TestCMOpenInterestStatistics,5,0,5,5,54,5,0,0,0.0,0,5,G:\binance-futures-connector-java\src\test\java\unit\cm_futures\market\TestCMOpenInterestStatistics.java,16
binance-futures-connector-java,unit.cm_futures.market,TestCMPing,2,0,2,2,16,2,0,0,0.0,0,4,G:\binance-futures-connector-java\src\test\java\unit\cm_futures\market\TestCMPing.java,13
binance-futures-connector-java,unit.cm_futures.market,TestCMTicker24H,2,0,3,3,27,3,0,0,0.0,0,4,G:\binance-futures-connector-java\src\test\java\unit\cm_futures\market\TestCMTicker24H.java,14
binance-futures-connector-java,unit.cm_futures.market,TestCMTickerPrice,2,0,3,3,27,3,0,0,0.0,0,4,G:\binance-futures-connector-java\src\test\java\unit\cm_futures\market\TestCMTickerPrice.java,14
binance-futures-connector-java,unit.cm_futures.market,TestCMTime,2,0,2,2,16,2,0,0,0.0,0,4,G:\binance-futures-connector-java\src\test\java\unit\cm_futures\market\TestCMTime.java,13
binance-futures-connector-java,unit.cm_futures.market,TestCMTopLongShortAccountRatio,5,0,5,5,54,5,0,0,0.0,0,5,G:\binance-futures-connector-java\src\test\java\unit\cm_futures\market\TestCMTopLongShortAccountRatio.java,16
binance-futures-connector-java,unit.cm_futures.market,TestCMTopLongShortPositionRatio,5,0,5,5,54,5,0,0,0.0,0,5,G:\binance-futures-connector-java\src\test\java\unit\cm_futures\market\TestCMTopLongShortPositionRatio.java,16
binance-futures-connector-java,unit.cm_futures.market,TestCMTrades,3,0,4,4,38,4,0,0,0.0,0,5,G:\binance-futures-connector-java\src\test\java\unit\cm_futures\market\TestCMTrades.java,16
binance-futures-connector-java,unit.cm_futures.portfoliomargin,TestCMPortfolioMarginAccountInfo,2,0,3,3,26,3,0,0,0.0,0,5,G:\binance-futures-connector-java\src\test\java\unit\cm_futures\portfoliomargin\TestCMPortfolioMarginAccountInfo.java,16
binance-futures-connector-java,unit.cm_futures.portfoliomargin,TestCMPortfolioMarginExchangeInfo,2,0,3,3,27,3,0,0,0.0,0,4,G:\binance-futures-connector-java\src\test\java\unit\cm_futures\portfoliomargin\TestCMPortfolioMarginExchangeInfo.java,14
binance-futures-connector-java,unit.cm_futures.userdata,TestCMCloseListenKey,2,0,2,2,16,2,0,0,0.0,0,4,G:\binance-futures-connector-java\src\test\java\unit\cm_futures\userdata\TestCMCloseListenKey.java,13
binance-futures-connector-java,unit.cm_futures.userdata,TestCMCreateListenKey,2,0,2,2,16,2,0,0,0.0,0,4,G:\binance-futures-connector-java\src\test\java\unit\cm_futures\userdata\TestCMCreateListenKey.java,13
binance-futures-connector-java,unit.cm_futures.userdata,TestCMExtendListenKey,2,0,2,2,16,2,0,0,0.0,0,4,G:\binance-futures-connector-java\src\test\java\unit\cm_futures\userdata\TestCMExtendListenKey.java,13
binance-futures-connector-java,unit,MockData,9,8,1,0,19,1,0,0,0.0,118,0,G:\binance-futures-connector-java\src\test\java\unit\MockData.java,5
binance-futures-connector-java,unit,MockWebServerDispatcher,0,0,3,2,16,5,0,0,-1.0,114,2,G:\binance-futures-connector-java\src\test\java\unit\MockWebServerDispatcher.java,8
binance-futures-connector-java,unit,TestCMWebsocketClientImpl,4,0,14,14,54,14,0,3,0.35714285714285715,0,1,G:\binance-futures-connector-java\src\test\java\unit\TestCMWebsocketClientImpl.java,14
binance-futures-connector-java,unit,TestJSONParser,2,0,4,4,16,4,0,0,0.0,0,1,G:\binance-futures-connector-java\src\test\java\unit\TestJSONParser.java,9
binance-futures-connector-java,unit,TestParameterChecker,2,0,5,5,20,5,0,0,1.0,0,3,G:\binance-futures-connector-java\src\test\java\unit\TestParameterChecker.java,8
binance-futures-connector-java,unit,TestRequestBuilder,1,0,13,13,65,13,0,0,0.23076923076923078,0,4,G:\binance-futures-connector-java\src\test\java\unit\TestRequestBuilder.java,12
binance-futures-connector-java,unit,TestResponseHandler,3,0,5,5,32,5,0,0,0.0,0,4,G:\binance-futures-connector-java\src\test\java\unit\TestResponseHandler.java,15
binance-futures-connector-java,unit,TestUrlBuilder,9,0,7,7,64,7,0,0,0.2857142857142857,0,1,G:\binance-futures-connector-java\src\test\java\unit\TestUrlBuilder.java,10
binance-futures-connector-java,unit.um_futures.account,TestUMAccountInformation,2,0,2,2,17,2,0,0,0.0,0,4,G:\binance-futures-connector-java\src\test\java\unit\um_futures\account\TestUMAccountInformation.java,14
binance-futures-connector-java,unit.um_futures.account,TestUMAccountTradeList,2,0,3,3,26,3,0,0,0.0,0,5,G:\binance-futures-connector-java\src\test\java\unit\um_futures\account\TestUMAccountTradeList.java,16
binance-futures-connector-java,unit.um_futures.account,TestUMAllOrders,2,0,3,3,26,3,0,0,0.0,0,5,G:\binance-futures-connector-java\src\test\java\unit\um_futures\account\TestUMAllOrders.java,16
binance-futures-connector-java,unit.um_futures.account,TestUMAutoCancelAllOpenOrders,3,0,3,3,28,3,0,0,0.0,0,5,G:\binance-futures-connector-java\src\test\java\unit\um_futures\account\TestUMAutoCancelAllOpenOrders.java,16
binance-futures-connector-java,unit.um_futures.account,TestUMCancelAllOpenOrders,2,0,3,3,26,3,0,0,0.0,0,5,G:\binance-futures-connector-java\src\test\java\unit\um_futures\account\TestUMCancelAllOpenOrders.java,16
binance-futures-connector-java,unit.um_futures.account,TestUMCancelMultipleOrders,2,0,3,3,26,3,0,0,0.0,0,6,G:\binance-futures-connector-java\src\test\java\unit\um_futures\account\TestUMCancelMultipleOrders.java,16
binance-futures-connector-java,unit.um_futures.account,TestUMCancelOrder,4,0,4,4,40,4,0,0,0.0,0,6,G:\binance-futures-connector-java\src\test\java\unit\um_futures\account\TestUMCancelOrder.java,17
binance-futures-connector-java,unit.um_futures.account,TestUMChangeInitialLeverage,3,0,3,3,28,3,0,0,0.0,0,5,G:\binance-futures-connector-java\src\test\java\unit\um_futures\account\TestUMChangeInitialLeverage.java,16
binance-futures-connector-java,unit.um_futures.account,TestUMChangeMarginType,2,0,3,3,27,3,0,0,0.0,0,5,G:\binance-futures-connector-java\src\test\java\unit\um_futures\account\TestUMChangeMarginType.java,16
binance-futures-connector-java,unit.um_futures.account,TestUMChangeMultiAssetsMode,2,0,3,3,26,3,0,0,0.0,0,5,G:\binance-futures-connector-java\src\test\java\unit\um_futures\account\TestUMChangeMultiAssetsMode.java,16
binance-futures-connector-java,unit.um_futures.account,TestUMChangePositionMode,2,0,3,3,26,3,0,0,0.0,0,5,G:\binance-futures-connector-java\src\test\java\unit\um_futures\account\TestUMChangePositionMode.java,16
binance-futures-connector-java,unit.um_futures.account,TestUMCurrentAllOpenOrders,2,0,3,3,27,3,0,0,0.0,0,4,G:\binance-futures-connector-java\src\test\java\unit\um_futures\account\TestUMCurrentAllOpenOrders.java,14
binance-futures-connector-java,unit.um_futures.account,TestUMCurrentPositionMode,2,0,2,2,17,2,0,0,0.0,0,4,G:\binance-futures-connector-java\src\test\java\unit\um_futures\account\TestUMCurrentPositionMode.java,14
binance-futures-connector-java,unit.um_futures.account,TestUMDownloadIdForFuturesTransactionHistory,4,0,3,3,30,3,0,0,0.0,0,4,G:\binance-futures-connector-java\src\test\java\unit\um_futures\account\TestUMDownloadIdForFuturesTransactionHistory.java,14
binance-futures-connector-java,unit.um_futures.account,TestUMDownloadLinkForFuturesTransactionHistory,2,0,3,3,26,3,0,0,0.0,0,5,G:\binance-futures-connector-java\src\test\java\unit\um_futures\account\TestUMDownloadLinkForFuturesTransactionHistory.java,16
binance-futures-connector-java,unit.um_futures.account,TestUMFuturesAccountBalance,2,0,2,2,17,2,0,0,0.0,0,4,G:\binance-futures-connector-java\src\test\java\unit\um_futures\account\TestUMFuturesAccountBalance.java,14
binance-futures-connector-java,unit.um_futures.account,TestUMGetLeverageBracket,2,0,3,3,27,3,0,0,0.0,0,4,G:\binance-futures-connector-java\src\test\java\unit\um_futures\account\TestUMGetLeverageBracket.java,14
binance-futures-connector-java,unit.um_futures.account,TestUMGetMultiAssetsMode,2,0,2,2,17,2,0,0,0.0,0,4,G:\binance-futures-connector-java\src\test\java\unit\um_futures\account\TestUMGetMultiAssetsMode.java,14
binance-futures-connector-java,unit.um_futures.account,TestUMIncomeHistory,2,0,3,3,27,3,0,0,0.0,0,4,G:\binance-futures-connector-java\src\test\java\unit\um_futures\account\TestUMIncomeHistory.java,14
binance-futures-connector-java,unit.um_futures.account,TestUMModifyIsolatedPositionMargin,3,0,3,3,29,3,0,0,0.0,0,5,G:\binance-futures-connector-java\src\test\java\unit\um_futures\account\TestUMModifyIsolatedPositionMargin.java,16
binance-futures-connector-java,unit.um_futures.account,TestUMNewOrder,3,0,3,3,30,3,0,0,0.0,0,5,G:\binance-futures-connector-java\src\test\java\unit\um_futures\account\TestUMNewOrder.java,16
binance-futures-connector-java,unit.um_futures.account,TestUMNotionalAndLeverageBrackets,2,0,3,3,27,3,0,0,0.0,0,4,G:\binance-futures-connector-java\src\test\java\unit\um_futures\account\TestUMNotionalAndLeverageBrackets.java,14
binance-futures-connector-java,unit.um_futures.account,TestUMPositionAdlQuantileEstimation,2,0,3,3,27,3,0,0,0.0,0,4,G:\binance-futures-connector-java\src\test\java\unit\um_futures\account\TestUMPositionAdlQuantileEstimation.java,14
binance-futures-connector-java,unit.um_futures.account,TestUMPositionInformation,2,0,3,3,27,3,0,0,0.0,0,4,G:\binance-futures-connector-java\src\test\java\unit\um_futures\account\TestUMPositionInformation.java,14
binance-futures-connector-java,unit.um_futures.account,TestUMPositionMarginChangeHistory,2,0,3,3,26,3,0,0,0.0,0,5,G:\binance-futures-connector-java\src\test\java\unit\um_futures\account\TestUMPositionMarginChangeHistory.java,16
binance-futures-connector-java,unit.um_futures.account,TestUMQuantitativeRulesIndicators,2,0,3,3,27,3,0,0,0.0,0,4,G:\binance-futures-connector-java\src\test\java\unit\um_futures\account\TestUMQuantitativeRulesIndicators.java,14
binance-futures-connector-java,unit.um_futures.account,TestUMQueryCurrentOpenOrder,2,0,5,5,47,5,0,0,0.0,0,5,G:\binance-futures-connector-java\src\test\java\unit\um_futures\account\TestUMQueryCurrentOpenOrder.java,16
binance-futures-connector-java,unit.um_futures.account,TestUMQueryOrder,2,0,5,5,47,5,0,0,0.0,0,5,G:\binance-futures-connector-java\src\test\java\unit\um_futures\account\TestUMQueryOrder.java,16
binance-futures-connector-java,unit.um_futures.account,TestUMUserCommissionRate,2,0,3,3,26,3,0,0,0.0,0,5,G:\binance-futures-connector-java\src\test\java\unit\um_futures\account\TestUMUserCommissionRate.java,16
binance-futures-connector-java,unit.um_futures.account,TestUMUsersForceOrders,2,0,3,3,27,3,0,0,0.0,0,4,G:\binance-futures-connector-java\src\test\java\unit\um_futures\account\TestUMUsersForceOrders.java,14
binance-futures-connector-java,unit.um_futures.market,TestUMAggTrades,6,0,6,6,64,6,0,0,0.0,0,5,G:\binance-futures-connector-java\src\test\java\unit\um_futures\market\TestUMAggTrades.java,16
binance-futures-connector-java,unit.um_futures.market,TestUMBookTicker,2,0,3,3,27,3,0,0,0.0,0,4,G:\binance-futures-connector-java\src\test\java\unit\um_futures\market\TestUMBookTicker.java,14
binance-futures-connector-java,unit.um_futures.market,TestUMContinuousKlines,5,0,5,5,56,5,0,0,0.0,0,5,G:\binance-futures-connector-java\src\test\java\unit\um_futures\market\TestUMContinuousKlines.java,16
binance-futures-connector-java,unit.um_futures.market,TestUMDepth,3,0,4,4,38,4,0,0,0.0,0,5,G:\binance-futures-connector-java\src\test\java\unit\um_futures\market\TestUMDepth.java,16
binance-futures-connector-java,unit.um_futures.market,TestUMExchangeInfo,2,0,2,2,16,2,0,0,0.0,0,4,G:\binance-futures-connector-java\src\test\java\unit\um_futures\market\TestUMExchangeInfo.java,13
binance-futures-connector-java,unit.um_futures.market,TestUMFundingRateHistory,5,0,3,3,33,3,0,0,0.0,0,4,G:\binance-futures-connector-java\src\test\java\unit\um_futures\market\TestUMFundingRateHistory.java,14
binance-futures-connector-java,unit.um_futures.market,TestUMHistoricalBlvtKlines,5,0,5,5,54,5,0,0,0.0,0,5,G:\binance-futures-connector-java\src\test\java\unit\um_futures\market\TestUMHistoricalBlvtKlines.java,16
binance-futures-connector-java,unit.um_futures.market,TestUMHistoricalTrades,4,0,5,5,48,5,0,0,0.0,0,5,G:\binance-futures-connector-java\src\test\java\unit\um_futures\market\TestUMHistoricalTrades.java,16
binance-futures-connector-java,unit.um_futures.market,TestUMIndexInfo,2,0,3,3,27,3,0,0,0.0,0,4,G:\binance-futures-connector-java\src\test\java\unit\um_futures\market\TestUMIndexInfo.java,14
binance-futures-connector-java,unit.um_futures.market,TestUMIndexPriceKlines,5,0,5,5,54,5,0,0,0.0,0,5,G:\binance-futures-connector-java\src\test\java\unit\um_futures\market\TestUMIndexPriceKlines.java,16
binance-futures-connector-java,unit.um_futures.market,TestUMKlines,5,0,5,5,54,5,0,0,0.0,0,5,G:\binance-futures-connector-java\src\test\java\unit\um_futures\market\TestUMKlines.java,16
binance-futures-connector-java,unit.um_futures.market,TestUMLongShortRatio,5,0,5,5,54,5,0,0,0.0,0,5,G:\binance-futures-connector-java\src\test\java\unit\um_futures\market\TestUMLongShortRatio.java,16
binance-futures-connector-java,unit.um_futures.market,TestUMMarkPrice,2,0,3,3,27,3,0,0,0.0,0,4,G:\binance-futures-connector-java\src\test\java\unit\um_futures\market\TestUMMarkPrice.java,14
binance-futures-connector-java,unit.um_futures.market,TestUMMarkPriceKlines,5,0,5,5,54,5,0,0,0.0,0,5,G:\binance-futures-connector-java\src\test\java\unit\um_futures\market\TestUMMarkPriceKlines.java,16
binance-futures-connector-java,unit.um_futures.market,TestUMMultiAssetsModeIndex,2,0,3,3,27,3,0,0,0.0,0,4,G:\binance-futures-connector-java\src\test\java\unit\um_futures\market\TestUMMultiAssetsModeIndex.java,14
binance-futures-connector-java,unit.um_futures.market,TestUMOpenInterest,2,0,3,3,26,3,0,0,0.0,0,5,G:\binance-futures-connector-java\src\test\java\unit\um_futures\market\TestUMOpenInterest.java,16
binance-futures-connector-java,unit.um_futures.market,TestUMOpenInterestStatistics,5,0,5,5,54,5,0,0,0.0,0,5,G:\binance-futures-connector-java\src\test\java\unit\um_futures\market\TestUMOpenInterestStatistics.java,16
binance-futures-connector-java,unit.um_futures.market,TestUMPing,2,0,2,2,16,2,0,0,0.0,0,4,G:\binance-futures-connector-java\src\test\java\unit\um_futures\market\TestUMPing.java,13
binance-futures-connector-java,unit.um_futures.market,TestUMTakerBuySellVolume,5,0,5,5,54,5,0,0,0.0,0,5,G:\binance-futures-connector-java\src\test\java\unit\um_futures\market\TestUMTakerBuySellVolume.java,16
binance-futures-connector-java,unit.um_futures.market,TestUMTicker24H,2,0,3,3,27,3,0,0,0.0,0,4,G:\binance-futures-connector-java\src\test\java\unit\um_futures\market\TestUMTicker24H.java,14
binance-futures-connector-java,unit.um_futures.market,TestUMTickerPrice,2,0,3,3,27,3,0,0,0.0,0,4,G:\binance-futures-connector-java\src\test\java\unit\um_futures\market\TestUMTickerPrice.java,14
binance-futures-connector-java,unit.um_futures.market,TestUMTime,2,0,2,2,16,2,0,0,0.0,0,4,G:\binance-futures-connector-java\src\test\java\unit\um_futures\market\TestUMTime.java,13
binance-futures-connector-java,unit.um_futures.market,TestUMTopLongShortAccountRatio,5,0,5,5,54,5,0,0,0.0,0,5,G:\binance-futures-connector-java\src\test\java\unit\um_futures\market\TestUMTopLongShortAccountRatio.java,16
binance-futures-connector-java,unit.um_futures.market,TestUMTopLongShortPositionRatio,5,0,5,5,54,5,0,0,0.0,0,5,G:\binance-futures-connector-java\src\test\java\unit\um_futures\market\TestUMTopLongShortPositionRatio.java,16
binance-futures-connector-java,unit.um_futures.market,TestUMTrades,3,0,4,4,38,4,0,0,0.0,0,5,G:\binance-futures-connector-java\src\test\java\unit\um_futures\market\TestUMTrades.java,16
binance-futures-connector-java,unit.um_futures.portfoliomargin,TestUMPortfolioMarginAccountInfo,2,0,3,3,26,3,0,0,0.0,0,5,G:\binance-futures-connector-java\src\test\java\unit\um_futures\portfoliomargin\TestUMPortfolioMarginAccountInfo.java,16
binance-futures-connector-java,unit.um_futures.portfoliomargin,TestUMPortfolioMarginExchangeInfo,2,0,3,3,27,3,0,0,0.0,0,4,G:\binance-futures-connector-java\src\test\java\unit\um_futures\portfoliomargin\TestUMPortfolioMarginExchangeInfo.java,14
binance-futures-connector-java,unit.um_futures.userdata,TestUMCloseListenKey,2,0,3,3,20,3,0,0,0.0,0,4,G:\binance-futures-connector-java\src\test\java\unit\um_futures\userdata\TestUMCloseListenKey.java,14
binance-futures-connector-java,unit.um_futures.userdata,TestUMCreateListenKey,2,0,2,2,16,2,0,0,0.0,0,4,G:\binance-futures-connector-java\src\test\java\unit\um_futures\userdata\TestUMCreateListenKey.java,13
binance-futures-connector-java,unit.um_futures.userdata,TestUMExtendListenKey,2,0,2,2,16,2,0,0,0.0,0,4,G:\binance-futures-connector-java\src\test\java\unit\um_futures\userdata\TestUMExtendListenKey.java,13
